timestamp,symbol,price,score,reasons,rsi,atr_pct,vol_ratio,change_24h,change_7d,ema20,ema50,ema200
2026-09-19 01:31:02,00/USD,0.01308002,2,bull_short;rsi_accum;vol_dead;pump_risk;7d_uptrend,34.43,3.07,0.0,20.15,19.01,0.01320281,0.01280672,0.01280672
2026-09-19 01:31:06,1INCH/USD,0.09702,4,bull_short;rsi_strong;vol_dead;pa_stable;7d_uptrend,66.96,0.31,0.06,6.63,10.61,0.09624583,0.09515243,0.09515243
2026-09-19 01:31:11,2Z/USD,0.04912,7,bull_stack;rsi_healthy;vol_dead;pa_stable,46.2,0.29,0.05,5.02,4.78,0.04905433,0.04863563,0.04746337
2026-09-19 01:31:14,A8/USD,0.005129,3,bull_short;rsi_strong;vol_dead;pa_stable,74.23,0.54,0.12,0.0,4.52,0.0050636,0.00501406,0.00501406
2026-09-19 01:31:18,AAVE/USD,139.0,7,bull_stack;rsi_healthy;vol_dead;7d_uptrend,64.89,0.46,0.0,8.01,9.88,138.31862593,136.958458,130.7473494
2026-09-19 01:31:22,ABT/USD,0.2019,4,bull_short;rsi_strong;vol_dead;pa_stable;7d_uptrend,65.98,0.9,0.06,-0.64,9.49,0.19937438,0.19825315,0.19825315
2026-09-19 01:31:28,ACH/USD,0.005903,10,bull_stack;rsi_healthy;vol_high;7d_uptrend,56.77,1.87,1.58,13.17,10.98,0.00587076,0.00567923,0.00537461
2026-09-19 01:31:32,ACS/USD,0.000157,4,bull_short;rsi_accum;vol_dead;pa_stable,41.44,0.89,0.07,5.87,4.04,0.0001577,0.00015605,0.00015605
2026-09-19 01:31:41,ADA/USD,0.22279,4,bull_stack;vol_dead;7d_uptrend,77.79,0.5,0.07,10.24,9.69,0.22094956,0.21811,0.20898574
2026-09-19 01:31:46,ADA/USDT,0.22289,5,bull_stack;rsi_strong;vol_dead;7d_uptrend,66.82,0.32,0.43,9.76,9.79,0.2206536,0.21752448,0.20862944
2026-09-19 01:31:50,AERGO/USD,0.009714,5,bull_short;rsi_healthy;vol_dead;pa_stable,60.16,1.37,0.11,1.91,2.12,0.00962614,0.0095573,0.0095573
2026-09-19 01:31:55,AERO/USD,0.67126,5,bull_stack;rsi_strong;vol_dead;7d_uptrend,68.99,1.02,0.45,14.48,24.19,0.65918966,0.64330656,0.60305068
2026-09-19 01:31:59,AGLD/USD,0.1825,6,bull_short;rsi_healthy;vol_dead;pa_stable;7d_uptrend,60.66,0.29,0.27,6.1,9.74,0.1818412,0.17943959,0.17943959
2026-09-19 01:32:02,AI/USD,0.01976,7,bull_stack;rsi_healthy;vol_dead;pa_stable,46.3,0.27,0.22,5.84,-2.37,0.01975706,0.01959386,0.01908709
2026-09-19 01:32:06,AIOZ/USD,0.07839,7,bull_stack;rsi_healthy;vol_dead;7d_uptrend,55.91,1.4,0.24,11.83,12.69,0.07829015,0.07681525,0.07302278
2026-09-19 01:32:10,AKT/USD,0.552,8,bull_stack;rsi_healthy;vol_dead;pa_stable;7d_uptrend,54.89,0.48,0.03,7.23,9.42,0.55199158,0.54850643,0.52991972
2026-09-19 01:32:14,ALCX/USD,2.08,3,bull_short;rsi_strong;vol_dead;pa_stable,70.0,1.48,0.25,0.0,-0.48,2.06472043,2.05371482,2.05371482
2026-09-19 01:32:19,ALEO/USD,0.015221,3,bear_stack;rsi_healthy;vol_spike;pa_stable,49.39,0.31,2.81,-2.4,-4.21,0.01530597,0.01535252,0.0153958
2026-09-19 01:32:24,ALEPH/USD,0.0111,6,bull_short;rsi_healthy;vol_dead;pa_stable;7d_uptrend,55.1,0.38,0.33,6.32,5.82,0.01103299,0.01091332,0.01091332
2026-09-19 01:32:30,ALGO/USD,0.09786,5,bull_stack;rsi_strong;vol_dead;7d_uptrend,71.38,0.42,0.03,8.54,5.19,0.09703391,0.09612088,0.09302229
2026-09-19 01:32:34,ALICE/USD,0.13652,6,bull_short;rsi_healthy;vol_dead;pa_stable;7d_uptrend,64.48,0.3,0.0,7.38,7.85,0.13560947,0.13369674,0.13369674
2026-09-19 01:32:39,ALIGN/USD,0.007,7,bull_stack;rsi_healthy;vol_dead;pa_stable,50.0,0.59,0.0,1.6,-13.9,0.00697354,0.00695335,0.00692677
2026-09-19 01:32:43,ALLO/USD,0.213,5,bull_short;rsi_healthy;vol_dead;pa_stable,56.34,0.31,0.04,5.76,0.61,0.21119423,0.20937603,0.20937603
2026-09-19 01:32:47,ALT/USD,0.00696,7,bull_short;rsi_strong;vol_spike;7d_uptrend,65.63,0.35,3.21,11.18,10.3,0.00686649,0.00673792,0.00673792
2026-09-19 01:32:51,AMP/USD,0.0004616,1,bull_stack;rsi_overbought;vol_dead;pa_stable,81.69,0.28,0.4,5.46,4.91,0.00045825,0.00045339,0.00044298
2026-09-19 01:32:56,ANKR/USD,0.004885,11,bull_stack;rsi_healthy;vol_spike;7d_uptrend,50.52,0.41,2.63,8.78,6.14,0.00487545,0.00477742,0.00458967
2026-09-19 01:33:02,APE/USD,0.13723,5,bull_stack;vol_dead;pa_stable;7d_uptrend,76.25,0.33,0.04,5.85,8.81,0.13588058,0.13453516,0.13088335
2026-09-19 01:33:07,APE/USDT,0.13716,8,bull_short;rsi_healthy;vol_high;7d_uptrend,56.57,0.38,1.41,11.72,8.74,0.1354336,0.13353419,0.13353419
2026-09-19 01:33:12,API3/USD,0.24506,9,bull_stack;rsi_healthy;pa_stable;7d_uptrend,55.92,0.36,1.09,5.43,6.46,0.24346103,0.24131264,0.23532101
2026-09-19 01:33:16,APR/USD,0.1558,-2,bear_stack;rsi_accum;vol_dead;pa_stable,33.8,0.35,0.11,-1.58,3.66,0.15669682,0.15766227,0.15774069
2026-09-19 01:33:21,APT/USD,0.7289,-1,bull_stack;rsi_overbought;pump_risk,84.84,1.17,0.98,25.2,27.52,0.69960368,0.68411078,0.63117391
2026-09-19 01:33:27,ARB/USD,0.22473,2,bull_stack;rsi_strong;vol_dead;pump_risk,70.32,1.73,0.43,25.66,49.81,0.2191262,0.21362442,0.1932492
2026-09-19 01:33:31,ARKM/USD,0.10904,4,bull_short;rsi_strong;vol_dead;pa_stable;7d_uptrend,66.37,0.29,0.13,0.0,10.45,0.10770014,0.10512813,0.10512813
2026-09-19 01:33:35,ARPA/USD,0.009984,9,bull_short;rsi_healthy;vol_spike;pa_stable,62.89,0.33,5.25,6.7,1.89,0.00992319,0.00979268,0.00979268
2026-09-19 01:33:39,ARX/USD,0.1872,9,bull_stack;rsi_strong;vol_spike;7d_uptrend,70.62,0.87,2.22,11.89,17.96,0.1834138,0.17981599,0.17266307
2026-09-19 01:33:42,ASM/USD,0.00522,6,bull_short;rsi_healthy;pa_stable,62.5,0.44,0.87,2.96,2.15,0.00517669,0.00514716,0.00514716
2026-09-19 01:33:46,AST/USD,0.0057,4,bull_short;rsi_healthy;vol_dead,53.76,2.0,0.37,-6.65,-3.19,0.00568517,0.00562777,0.00562777
2026-09-19 01:33:50,ASTER/USD,0.754,8,bull_stack;rsi_healthy;vol_dead;pa_stable;7d_uptrend,64.47,0.3,0.28,1.18,8.9,0.75214745,0.75089337,0.7381059
2026-09-19 01:33:54,ATH/USD,0.004922,7,bull_stack;rsi_healthy;vol_dead;7d_uptrend,58.29,0.37,0.21,11.74,13.72,0.00488974,0.00481176,0.00456867
2026-09-19 01:34:02,ATOM/USD,1.7019,5,bull_stack;rsi_strong;vol_dead;7d_uptrend,72.15,0.46,0.07,8.62,9.37,1.68330925,1.66620998,1.60323183
2026-09-19 01:34:06,ATOM/USDT,1.6729,0,bull_short;rsi_overbought;vol_dead;pa_stable;7d_uptrend,81.85,0.47,0.15,0.0,10.9,1.5921445,1.55491379,1.55491379
2026-09-19 01:34:11,AUCTION/USD,3.4971,5,bull_short;rsi_healthy,59.19,0.62,0.66,8.2,4.8,3.48489463,3.43844721,3.43844721
2026-09-19 01:34:15,AUDIO/USD,0.013002,7,bull_stack;rsi_healthy;vol_dead;pa_stable,57.95,0.97,0.05,4.17,4.55,0.01288422,0.01283317,0.01267429
2026-09-19 01:34:20,AURORA/USD,0.023703,4,bull_stack;rsi_healthy;vol_dead;pump_risk,61.41,7.71,0.17,45.71,57.05,0.02326936,0.02128996,0.01830673
2026-09-19 01:34:26,AVAX/USD,8.236,4,bull_stack;vol_dead;7d_uptrend,75.54,0.56,0.16,8.17,9.77,8.18756762,8.08135807,7.79466902
2026-09-19 01:34:31,AVAX/USDT,8.227,4,bull_short;rsi_strong;7d_uptrend,71.09,0.45,0.83,9.04,9.68,8.18195627,8.06087266,8.06087266
2026-09-19 01:34:36,AVNT/USD,0.10421,8,bull_stack;rsi_healthy;vol_dead;pa_stable;7d_uptrend,57.82,0.35,0.23,6.16,6.47,0.10383183,0.10289822,0.09996808
2026-09-19 01:34:41,AVT/USD,0.19297,2,bull_short;rsi_strong;vol_dead,67.54,2.29,0.01,12.25,2.33,0.18661527,0.18223951,0.18223951
2026-09-19 01:34:47,AWE/USD,0.06749,3,bull_short;rsi_strong;vol_dead;7d_uptrend,67.8,0.82,0.31,9.24,7.55,0.06590024,0.06489778,0.06489778
2026-09-19 01:34:52,AXL/USD,0.0463,5,bull_stack;rsi_strong;vol_dead;pa_stable,75.0,0.29,0.12,7.42,4.28,0.04579377,0.04513483,0.04378305
2026-09-19 01:34:58,AXS/USD,1.0174,7,bull_stack;rsi_healthy;vol_dead;7d_uptrend,45.21,0.5,0.02,8.12,9.87,1.01478532,1.00754368,0.97281082
2026-09-19 01:35:02,AZTEC/USD,0.01573,5,bull_stack;rsi_healthy;vol_dead;pump_risk;7d_uptrend,56.86,0.9,0.0,17.74,20.63,0.0156229,0.01523962,0.01414706
2026-09-19 01:35:07,B3/USD,0.0005904,7,bull_stack;rsi_healthy;vol_dead;pa_stable,56.09,0.45,0.03,5.05,3.67,0.0005875,0.00058279,0.00057525
2026-09-19 01:35:11,BADGER/USD,0.3688,5,bull_short;rsi_healthy;vol_dead;pa_stable,61.73,1.99,0.15,0.96,-1.36,0.36309294,0.35754001,0.35754001
2026-09-19 01:35:16,BAL/USD,0.116,4,bull_short;rsi_accum;vol_dead;pa_stable,39.29,0.65,0.0,5.07,3.66,0.11445109,0.1130806,0.1130806
2026-09-19 01:35:21,BAND/USD,0.19903,4,bull_short;rsi_strong;vol_dead;pa_stable;7d_uptrend,67.0,0.43,0.01,0.0,9.06,0.1973172,0.1925418,0.1925418
2026-09-19 01:35:25,BARD/USD,0.1272,4,bull_short;rsi_accum;vol_dead;pa_stable,41.56,0.55,0.03,6.8,3.16,0.1283565,0.12685214,0.12685214
2026-09-19 01:35:30,BASECAT/USD,0.01995,9,bull_stack;rsi_accum;vol_spike,44.32,1.48,3.1,14.66,-2.25,0.0200113,0.01923217,0.01813912
2026-09-19 01:35:33,BASED1/USD,0.0652,5,bull_short;rsi_healthy;vol_dead;pa_stable,48.11,0.32,0.07,4.82,3.99,0.0650948,0.06441257,0.06441257
2026-09-19 01:35:38,BAT/USD,0.07856,8,bull_stack;rsi_healthy;vol_dead;pa_stable;7d_uptrend,55.16,0.55,0.15,7.9,7.09,0.07785715,0.07717983,0.07498095
2026-09-19 01:35:43,BCH/USD,253.72,4,bull_stack;vol_dead;7d_uptrend,76.73,0.48,0.1,8.93,14.02,252.50863666,250.18888618,239.06782771
2026-09-19 01:35:47,BEAM/USD,0.00179,5,bull_short;rsi_healthy;vol_dead;7d_uptrend,61.48,0.67,0.0,14.01,14.01,0.00177116,0.00172631,0.00172631
2026-09-19 01:35:51,BERA/USD,0.19677,8,bull_stack;rsi_healthy;vol_dead;pa_stable;7d_uptrend,53.38,0.37,0.04,6.31,6.5,0.19660096,0.19513673,0.18915181
2026-09-19 01:35:59,BICO/USD,0.020928,11,bull_stack;rsi_healthy;vol_spike;7d_uptrend,58.95,1.21,4.1,8.79,9.69,0.02077853,0.02045154,0.01965937
2026-09-19 01:36:04,BIGTIME/USD,0.00767,0,bull_short;rsi_overbought;vol_dead;pa_stable;7d_uptrend,80.43,0.33,0.07,5.65,6.96,0.00756504,0.00744797,0.00744797
2026-09-19 01:36:09,BILL/USD,0.01398,1,bear_short;rsi_accum;vol_dead;pa_stable;7d_uptrend,33.82,0.53,0.21,2.57,9.48,0.01410297,0.01412217,0.01367191
2026-09-19 01:36:15,BIO/USD,0.02732,7,bull_stack;rsi_healthy;vol_dead;7d_uptrend,60.34,0.43,0.16,8.71,7.81,0.02722098,0.0269473,0.02605283
2026-09-19 01:36:19,BIRB/USD,0.06321,4,bull_stack,76.18,0.42,0.78,8.05,-2.36,0.06199464,0.06090032,0.05956513
2026-09-19 01:36:24,BLAST/USD,0.00035087,6,bull_short;rsi_healthy;vol_dead;pa_stable;7d_uptrend,62.43,1.32,0.05,1.65,5.97,0.00034528,0.00033987,0.00033987
2026-09-19 01:36:29,BLEND/USD,0.0647,4,bull_short;rsi_strong;vol_dead;pa_stable;7d_uptrend,74.36,0.3,0.07,0.0,7.3,0.06375618,0.06279448,0.06279448
2026-09-19 01:36:33,BLUECHIP/USD,0.01731,2,bear_short;rsi_healthy;7d_uptrend,46.67,1.39,0.81,-10.96,12.84,0.01737352,0.01751547,0.01751547
2026-09-19 01:36:39,BLUR/USD,0.018193,4,bull_short;rsi_strong;vol_dead;pa_stable;7d_uptrend,68.41,0.38,0.31,0.0,8.95,0.01788717,0.01756155,0.01756155
2026-09-19 01:36:45,BLZ/USD,0.0095,5,bull_short;rsi_healthy,51.9,0.89,0.53,9.32,4.28,0.00949584,0.0093768,0.0093768
2026-09-19 01:36:51,BNB/USD,763.46,6,bull_stack;rsi_strong;vol_dead;pa_stable;7d_uptrend,70.8,0.29,0.24,3.98,5.7,762.13206183,757.22607143,742.10002528
2026-09-19 01:36:55,BNKR/USD,0.0002523,8,bull_stack;rsi_healthy;vol_dead;pa_stable;7d_uptrend,46.4,0.67,0.12,5.87,20.37,0.0002525,0.00024928,0.00024332
2026-09-19 01:36:59,BNT/USD,0.3259,4,bull_short;pa_stable;7d_uptrend,78.46,0.26,0.69,0.0,8.24,0.3223458,0.31641177,0.31641177
2026-09-19 01:37:02,BOBA/USD,0.0195,5,bull_short;rsi_healthy;vol_dead;pa_stable,48.0,1.43,0.07,0.0,3.72,0.01936769,0.01919492,0.01919492
2026-09-19 01:37:06,BOBBOB/USD,0.00456,6,bull_stack;rsi_accum;vol_dead;pa_stable,40.74,0.85,0.0,4.35,3.17,0.00456488,0.00454736,0.00449369
2026-09-19 01:37:10,BONK/USD,2.98e-06,4,bull_stack;vol_dead;7d_uptrend,80.0,0.74,0.48,9.96,12.88,2.94e-06,2.89e-06,2.78e-06
2026-09-19 01:37:13,BREV/USD,0.0788,4,bull_short;rsi_strong;pa_stable,73.68,0.5,0.79,-1.25,-0.38,0.07635242,0.07564516,0.07564516
2026-09-19 01:37:20,BTC/USD,80986.15,8,bull_stack;rsi_healthy;vol_dead;pa_stable;7d_uptrend,53.96,0.3,0.17,5.87,5.3,80816.10826695,79873.54207678,77911.45356779
2026-09-19 01:37:28,BTC/USDT,81031.57,9,bull_stack;rsi_healthy;pa_stable;7d_uptrend,57.41,0.22,0.55,5.77,5.39,80812.96852661,79860.6880781,77930.17781325
2026-09-19 01:37:31,BTRST/USD,0.056,5,bull_short;rsi_healthy;vol_dead;pa_stable,58.82,0.29,0.34,0.0,1.05,0.05560392,0.05508871,0.05508871
2026-09-19 01:37:36,C98/USD,0.015053,4,bull_short;rsi_strong;vol_dead;pa_stable;7d_uptrend,66.61,0.46,0.02,0.0,10.46,0.01473798,0.01439637,0.01439637
2026-09-19 01:37:40,CAKE/USD,2.452,2,bear_short;rsi_healthy;vol_dead;pa_stable;7d_uptrend,55.07,0.37,0.1,-1.17,7.97,2.45818757,2.46668959,2.4220779
2026-09-19 01:37:44,CAP/USD,0.05467,0,bear_stack;rsi_healthy;pa_stable,47.53,0.45,0.87,-1.1,-11.74,0.05459679,0.05481419,0.05578795
2026-09-19 01:37:49,CBETH/USD,2989.26,5,bull_stack;vol_dead;pa_stable;7d_uptrend,78.22,0.44,0.01,7.19,7.59,2971.00031906,2925.52887934,2841.26065107
2026-09-19 01:37:54,CELO/USD,0.0826,4,bull_short;rsi_strong;pa_stable,71.05,0.49,0.62,7.83,0.12,0.08191322,0.08108888,0.08108888
2026-09-19 01:37:57,CELR/USD,0.0022665,5,bull_short;rsi_healthy;vol_dead;7d_uptrend,53.4,0.44,0.01,14.19,8.46,0.00226163,0.00221754,0.00221754
2026-09-19 01:38:01,CFG/USD,0.1238,11,bull_stack;rsi_accum;vol_spike;pa_stable;7d_uptrend,31.67,0.54,2.01,6.36,17.46,0.12364295,0.12179845,0.11587676
2026-09-19 01:38:04,CHECK/USD,0.01078,5,bull_short;rsi_healthy;vol_dead;pa_stable,61.59,3.28,0.07,0.0,-7.39,0.01059188,0.01052524,0.01052524
2026-09-19 01:38:08,CHIP/USD,0.04381,5,bull_stack;rsi_healthy;vol_dead;pump_risk;7d_uptrend,62.42,0.9,0.12,16.05,15.23,0.04343192,0.04301938,0.04063413
2026-09-19 01:38:11,CHZ/USD,0.01479,3,bull_short;vol_dead;pa_stable;7d_uptrend,78.39,0.15,0.06,5.33,5.22,0.01472915,0.01464084,0.01464084
2026-09-19 01:38:15,CLANKER/USD,11.72,5,bull_stack;rsi_strong;vol_dead;pa_stable,69.05,0.35,0.0,4.55,3.63,11.60495642,11.47923912,11.2652872
2026-09-19 01:38:19,COMP/USD,20.76,6,bull_stack;rsi_strong;vol_dead;pa_stable;7d_uptrend,67.35,0.27,0.14,6.63,8.07,20.67766643,20.50651115,19.88572356
2026-09-19 01:38:22,COOKIE/USD,0.01062,5,bull_stack;rsi_strong;vol_dead;pa_stable,66.21,0.38,0.16,6.05,4.35,0.01053201,0.01039445,0.01012348
2026-09-19 01:38:29,CORECHAIN/USD,0.020299,8,bull_stack;rsi_healthy;vol_dead;pa_stable;7d_uptrend,63.89,0.65,0.02,7.48,7.26,0.02009041,0.0197988,0.01911193
2026-09-19 01:38:33,COSMOSDYDX/USD,0.1294,4,bull_short;rsi_healthy;pump_risk;7d_uptrend,60.23,1.05,0.66,26.0,21.27,0.12771706,0.12413493,0.12413493
2026-09-19 01:38:39,COTI/USD,0.021129,1,bear_short;rsi_healthy,62.95,1.16,0.62,-9.2,26.41,0.02073718,0.02113942,0.02078706
2026-09-19 01:38:43,COW/USD,0.1451,6,bull_short;rsi_healthy;7d_uptrend,64.91,0.37,0.92,9.43,9.1,0.14384125,0.1416034,0.1416034
2026-09-19 01:38:47,CP/USD,0.01287,9,bull_stack;rsi_healthy;pa_stable;7d_uptrend,64.29,0.55,0.62,2.63,5.75,0.01275217,0.01273507,0.01258178
2026-09-19 01:38:52,CRO/USD,0.05973,4,bull_stack;vol_dead;pa_stable,76.12,0.36,0.14,3.81,4.66,0.05951775,0.05929387,0.05829916
2026-09-19 01:38:56,CRV/USD,0.3426,7,bull_stack;rsi_healthy;vol_dead;pa_stable,55.25,0.66,0.13,3.57,-0.29,0.3411175,0.33894167,0.33028465
2026-09-19 01:39:00,CTR/USD,0.01182,7,bull_stack;rsi_healthy;vol_dead;pa_stable,61.65,0.39,0.1,1.82,2.78,0.01177231,0.0117119,0.01161643
2026-09-19 01:39:04,CTSI/USD,0.026055,3,bull_short;vol_dead;pa_stable;7d_uptrend,76.46,0.27,0.29,7.6,6.3,0.02589865,0.02556805,0.02556805
2026-09-19 01:39:08,CTX/USD,0.4016,3,bull_short;rsi_strong;vol_dead;pa_stable,72.92,0.44,0.03,1.85,2.5,0.39815981,0.39491007,0.39491007
2026-09-19 01:39:12,CVC/USD,0.027298,5,bull_stack;rsi_strong;vol_dead;pa_stable,67.17,0.4,0.36,6.77,-1.69,0.02693715,0.02668406,0.02658165
2026-09-19 01:39:16,CVX/USD,2.028,8,bull_stack;rsi_strong;vol_high;pa_stable,74.55,0.38,1.39,5.68,3.31,2.00716601,1.98599832,1.93990348
2026-09-19 01:39:21,DASH/USD,60.84,2,bull_stack;rsi_overbought;vol_dead;pa_stable;7d_uptrend,81.88,0.91,0.2,-0.67,15.62,59.86966443,59.61222346,58.90217011
2026-09-19 01:39:25,DBR/USD,0.0159,3,bull_short;rsi_strong;vol_dead;pa_stable,71.01,0.46,0.05,0.0,3.25,0.01573451,0.01564932,0.01564932
2026-09-19 01:39:28,DEEP/USD,0.01637,7,bull_stack;rsi_healthy;vol_dead;7d_uptrend,59.7,0.19,0.47,9.79,10.98,0.01626544,0.01614327,0.01551431
2026-09-19 01:39:32,DEGEN/USD,0.001114,5,bull_short;rsi_accum;7d_uptrend,39.74,0.73,0.65,13.91,14.49,0.0011103,0.00108121,0.00108121
2026-09-19 01:39:36,DEXT/USD,0.09664,3,bull_short;rsi_strong;vol_dead;7d_uptrend,70.09,0.59,0.48,9.43,5.68,0.09511341,0.09438157,0.09438157
2026-09-19 01:39:39,DIA/USD,0.12701,7,bull_stack;rsi_healthy;vol_dead;pa_stable,51.0,0.22,0.1,5.12,3.18,0.1268552,0.12554678,0.12215014
2026-09-19 01:39:42,DIEM/USD,2083.94,4,bull_short;rsi_strong;vol_dead;pa_stable;7d_uptrend,73.49,0.68,0.0,7.15,16.8,2036.80918148,2010.56856791,2010.56856791
2026-09-19 01:39:45,DIMO/USD,0.00819,4,bull_short;rsi_strong;vol_dead;pa_stable;7d_uptrend,69.05,0.54,0.08,4.6,5.81,0.00812612,0.00811126,0.00811126
2026-09-19 01:39:49,DNT/USD,0.005991,5,bull_short;rsi_healthy;vol_dead;pa_stable,53.95,0.56,0.06,1.17,1.42,0.00597334,0.00595664,0.00595664
2026-09-19 01:39:52,DOGE/USD,0.08789,8,bull_stack;rsi_healthy;vol_dead;pa_stable;7d_uptrend,61.94,0.39,0.45,7.51,7.07,0.08754389,0.08660335,0.0837973
2026-09-19 01:39:56,DOGE/USDT,0.08778,9,bull_stack;rsi_healthy;pa_stable;7d_uptrend,50.23,0.18,1.15,6.72,7.4,0.08753871,0.0865369,0.08375999
2026-09-19 01:40:00,DOGINME/USD,8.249e-05,9,bull_short;rsi_healthy;vol_high;pa_stable;7d_uptrend,54.92,1.14,1.8,3.7,6.04,8.127e-05,8.098e-05,8.098e-05
2026-09-19 01:40:05,DOLO/USD,0.0257,0,bull_short;rsi_overbought;vol_dead;pa_stable;7d_uptrend,83.07,0.3,0.1,0.0,7.85,0.02519422,0.02463778,0.02463778
2026-09-19 01:40:09,DOOD/USD,0.001746,4,bull_short;rsi_strong;7d_uptrend,65.1,0.67,0.64,9.74,11.57,0.00172217,0.0016809,0.0016809
2026-09-19 01:40:14,DOT/USD,1.1368,12,bull_stack;rsi_healthy;vol_spike;pa_stable;7d_uptrend,54.24,0.5,2.71,5.68,15.81,1.13554483,1.1332643,1.08827594
2026-09-19 01:40:18,DOT/USDT,1.1389,4,bull_short;rsi_accum;vol_dead;7d_uptrend,42.74,0.33,0.39,11.82,16.44,1.13786307,1.12903682,1.12903682
2026-09-19 01:40:22,DRB/USD,0.0001802,6,bull_stack;rsi_healthy;vol_dead,60.71,1.21,0.1,8.55,0.78,0.00017784,0.00017279,0.00016801
2026-09-19 01:40:27,DRIFT/USD,0.01504,0,bear_short;rsi_accum;vol_dead;pa_stable,44.09,1.3,0.42,6.74,26.49,0.01521339,0.01535181,0.01441718
2026-09-19 01:40:31,DRV/USD,0.28807,2,bull_stack;rsi_strong;vol_dead;pump_risk,66.88,3.73,0.23,20.34,106.21,0.27967359,0.26424943,0.24049302
2026-09-19 01:40:35,EDGE/USD,0.0672,4,bull_short;rsi_accum;vol_dead;pa_stable,38.04,0.2,0.17,2.21,1.31,0.06708993,0.06668588,0.06668588
2026-09-19 01:40:39,EDGEX/USD,0.5808,-2,bear_stack;rsi_accum;vol_dead;pa_stable,42.93,0.7,0.2,-3.49,-1.94,0.58537705,0.59462341,0.6092816
2026-09-19 01:40:43,EGLD/USD,4.1952,5,bull_short;rsi_healthy;vol_dead;7d_uptrend,54.85,0.38,0.02,8.79,5.01,4.15119015,4.09084199,4.09084199
2026-09-19 01:40:48,EIGEN/USD,0.23319,5,bull_stack;rsi_healthy;vol_dead;pump_risk;7d_uptrend,64.67,0.86,0.15,15.69,16.71,0.23080639,0.22577967,0.21129895
2026-09-19 01:40:51,ELA/USD,0.297,5,bull_short;rsi_healthy;vol_dead;pa_stable,48.65,1.2,0.06,4.21,2.41,0.29543718,0.29151715,0.29151715
2026-09-19 01:40:55,ELSA/USD,0.05426,6,bull_stack;rsi_strong;vol_dead;pa_stable;7d_uptrend,71.07,0.14,0.05,7.66,8.65,0.05401502,0.0534828,0.05190077
2026-09-19 01:41:02,ENA/USD,0.17079,2,bull_stack;rsi_overbought;7d_uptrend,86.38,0.9,0.57,11.34,17.95,0.1668179,0.16531289,0.15876105
2026-09-19 01:41:09,ENS/USD,6.256,8,bull_stack;rsi_strong;vol_high;7d_uptrend,67.34,0.37,1.42,10.16,11.99,6.23162692,6.13192076,5.83004355
2026-09-19 01:41:13,ERA/USD,0.061,3,bull_short;rsi_strong;vol_dead;7d_uptrend,68.0,0.25,0.0,10.51,5.54,0.06020641,0.0592171,0.0592171
2026-09-19 01:41:17,ESP/USD,0.08906,3,bull_short;vol_dead;pa_stable;7d_uptrend,77.43,0.41,0.1,8.0,6.43,0.08774049,0.0865144,0.0865144
2026-09-19 01:41:23,ETC/USD,8.168,8,bull_stack;rsi_healthy;7d_uptrend,56.52,0.44,0.8,9.43,9.95,8.13018835,8.02349679,7.70217232
2026-09-19 01:41:27,ETH/USD,2628.18,6,bull_stack;rsi_strong;vol_dead;pa_stable;7d_uptrend,72.9,0.48,0.12,7.21,7.73,2609.37311435,2569.08289756,2494.54303575
2026-09-19 01:41:32,ETH/USDT,2626.67,6,bull_stack;rsi_strong;vol_dead;pa_stable;7d_uptrend,71.14,0.37,0.34,7.22,7.69,2609.6629432,2569.99075243,2496.32234263
2026-09-19 01:41:35,ETHFI/USD,0.733,5,bull_stack;rsi_healthy;vol_dead;pump_risk;7d_uptrend,57.41,0.93,0.07,18.23,22.58,0.73586801,0.71616101,0.66048157
2026-09-19 01:41:39,EUL/USD,1.348,7,bull_stack;rsi_healthy;vol_dead;pa_stable,57.45,0.19,0.02,4.82,4.82,1.34068328,1.33306994,1.30676206
2026-09-19 01:41:43,FAI/USD,0.002471,9,bull_stack;rsi_healthy;pa_stable;7d_uptrend,58.21,0.62,1.05,4.07,9.69,0.00246257,0.00243909,0.00237682
2026-09-19 01:41:53,FARM/USD,6.607,6,bull_short;rsi_healthy;vol_dead;pa_stable;7d_uptrend,49.6,1.79,0.09,6.02,8.24,6.53386837,6.44498956,6.44498956
2026-09-19 01:41:59,FARTCOIN/USD,0.16409,5,bull_stack;rsi_strong;vol_dead;7d_uptrend,73.51,1.04,0.39,13.01,15.48,0.16195602,0.15793858,0.14974844
2026-09-19 01:42:04,FET/USD,0.18492,8,bull_stack;rsi_healthy;7d_uptrend,58.57,0.58,0.79,9.41,19.18,0.18387572,0.1829898,0.17336927
2026-09-19 01:42:09,FET/USDT,0.185,10,bull_stack;rsi_healthy;vol_high;7d_uptrend,62.82,0.41,1.33,9.92,19.12,0.18400703,0.18291114,0.17301165
2026-09-19 01:42:13,FIDA/USD,0.020278,3,bull_short;rsi_strong;vol_dead;7d_uptrend,72.71,0.26,0.36,8.29,6.95,0.02013998,0.01991025,0.01991025
2026-09-19 01:42:16,FIGHT/USD,0.0033,3,bull_short;rsi_strong;vol_dead;pa_stable,74.07,0.56,0.32,0.0,0.61,0.00327275,0.00325465,0.00325465
2026-09-19 01:42:20,FIL/USD,0.9261,7,bull_stack;vol_high;7d_uptrend,76.7,1.02,1.99,12.3,9.52,0.90045368,0.88539334,0.8492454
2026-09-19 01:42:25,FLOCK/USD,0.070271,3,bear_short;rsi_strong;vol_spike;pa_stable,69.36,0.55,2.78,3.78,0.98,0.07000349,0.07025077,0.0690411
2026-09-19 01:42:29,FLOKI/USD,2.589e-05,6,bull_stack;rsi_strong;vol_dead;pa_stable;7d_uptrend,66.29,0.64,0.31,7.16,6.98,2.574e-05,2.544e-05,2.463e-05
2026-09-19 01:42:34,FLOW/USD,0.03005,5,bull_short;rsi_healthy;vol_dead;7d_uptrend,59.44,0.76,0.34,12.21,11.13,0.02984301,0.02952842,0.02952842
2026-09-19 01:42:38,FLR/USD,0.00668,5,bull_stack;pa_stable,76.22,0.34,0.71,4.92,0.41,0.00663939,0.00656328,0.00643455
2026-09-19 01:42:41,FLUID/USD,1.285,-2,bull_short;rsi_overbought;pump_risk;7d_uptrend,82.86,0.98,0.84,19.87,12.33,1.24640217,1.19873192,1.19873192
2026-09-19 01:42:45,FORT/USD,0.01503,0,bull_short;rsi_overbought;vol_dead;pa_stable;7d_uptrend,94.4,0.42,0.09,6.99,5.88,0.01483493,0.0146528,0.0146528
2026-09-19 01:42:49,FORTH/USD,0.28002,8,bull_stack;rsi_healthy;pa_stable,52.78,5.44,1.22,3.33,-12.12,0.28663355,0.28117434,0.2796675
2026-09-19 01:42:53,FOX/USD,0.00518,3,bull_short;rsi_strong;vol_dead;7d_uptrend,68.42,0.88,0.08,13.35,8.82,0.00506159,0.00495952,0.00495952
2026-09-19 01:42:56,FUN1/USD,0.01806,-2,bull_short;rsi_overbought;vol_dead,89.0,0.58,0.24,12.31,1.86,0.01731974,0.01697251,0.01697251
2026-09-19 01:42:59,G/USD,0.00759,4,bull_stack;rsi_accum;pump_risk,30.03,4.25,1.14,60.63,80.46,0.00789161,0.00772992,0.00618982
2026-09-19 01:43:03,GEOD/USD,0.2614,1,bear_short;rsi_healthy;vol_dead;7d_uptrend,47.4,1.8,0.33,13.55,23.59,0.2672469,0.27627187,0.26485398
2026-09-19 01:43:06,GFI/USD,0.0286,5,bull_short;rsi_healthy;vol_dead;pa_stable,52.73,1.42,0.01,4.76,4.76,0.02833126,0.02799775,0.02799775
2026-09-19 01:43:09,GHST/USD,0.0622,4,bull_short;rsi_accum;vol_dead;pa_stable,44.12,0.96,0.29,3.67,-9.72,0.06202052,0.06183956,0.06183956
2026-09-19 01:43:13,GIGA/USD,0.0021916,8,bull_stack;rsi_healthy;7d_uptrend,51.91,0.94,0.9,9.4,6.11,0.00218431,0.00214204,0.00205997
2026-09-19 01:43:17,GLM/USD,0.1189,4,bull_short;rsi_healthy;vol_dead,62.5,0.23,0.04,11.85,3.21,0.11820063,0.11642071,0.11642071
2026-09-19 01:43:20,GMT/USD,0.0077,4,bull_short;rsi_accum;vol_dead;7d_uptrend,43.66,0.32,0.0,8.99,6.84,0.00765427,0.00751538,0.00751538
2026-09-19 01:43:24,GNO/USD,119.59,6,bull_short;rsi_healthy;vol_dead;pa_stable;7d_uptrend,54.74,0.97,0.05,0.0,6.85,118.00567903,116.34994507,116.34994507
2026-09-19 01:43:27,GODS/USD,0.0223,4,bull_short;rsi_overbought;vol_spike;pa_stable;7d_uptrend,100.0,0.79,5.26,6.8,10.18,0.02173834,0.02141716,0.02141716
2026-09-19 01:43:30,GRASS/USD,0.3432,9,bull_stack;rsi_healthy;pa_stable;7d_uptrend,61.11,0.49,0.81,3.59,8.4,0.34198524,0.34035311,0.33368096
2026-09-19 01:43:33,GROVE/USD,0.00763,4,bull_short;rsi_healthy;vol_dead,64.0,0.31,0.05,-7.4,-0.78,0.00763677,0.00762428,0.00762428
2026-09-19 01:43:37,GRT/USD,0.020439,5,bull_stack;rsi_overbought;vol_spike;7d_uptrend,85.37,0.51,3.82,9.43,15.04,0.01999635,0.01979512,0.0189964
2026-09-19 01:43:40,GRVT/USD,0.1834,8,bull_stack;rsi_healthy;vol_dead;pa_stable;7d_uptrend,50.0,0.41,0.04,5.95,8.46,0.1836807,0.18193105,0.17689098
2026-09-19 01:43:43,GST/USD,0.001104,1,bear_short;rsi_healthy;vol_dead;pa_stable,49.62,0.87,0.01,-1.95,-6.99,0.00109821,0.00109856,0.00109856
2026-09-19 01:43:47,GTC/USD,0.0814,4,bull_short;rsi_strong;vol_dead;pa_stable;7d_uptrend,66.67,0.45,0.09,0.0,9.41,0.0800124,0.07834977,0.07834977
2026-09-19 01:43:50,GWEI/USD,0.022326,5,bull_stack;rsi_overbought;vol_spike;7d_uptrend,82.41,0.39,6.33,11.18,5.18,0.0219257,0.02154696,0.02073928
2026-09-19 01:43:53,HBAR/USD,0.07965,2,bull_stack;rsi_overbought;pa_stable,84.43,0.4,1.25,5.65,2.12,0.07883752,0.07810271,0.07627889
2026-09-19 01:43:56,HBAR/USDT,0.07962,2,bull_stack;rsi_overbought;pa_stable,82.59,0.22,0.7,5.79,2.12,0.07879988,0.07803704,0.07623861
2026-09-19 01:44:00,HFT/USD,0.00593,11,bull_stack;rsi_healthy;vol_high;pa_stable;7d_uptrend,47.83,0.66,1.96,3.49,6.65,0.00593,0.00586468,0.0057422
2026-09-19 01:44:03,HIGH/USD,0.03217,11,bull_stack;rsi_healthy;vol_high;pa_stable;7d_uptrend,58.64,1.03,1.99,-3.74,15.51,0.03217534,0.03215361,0.03200895
2026-09-19 01:44:06,HNT/USD,0.4749,11,bull_stack;rsi_healthy;vol_high;pa_stable;7d_uptrend,57.14,1.01,1.94,4.08,12.54,0.47663407,0.47331626,0.46283389
2026-09-19 01:44:09,HOME/USD,0.00593,8,bull_short;rsi_accum;vol_spike;7d_uptrend,35.0,0.49,3.21,9.81,13.38,0.00587497,0.00575271,0.00575271
2026-09-19 01:44:12,HONEY/USD,0.001112,3,bull_short;rsi_strong;vol_dead;pa_stable,71.32,1.21,0.26,1.28,-11.39,0.00108798,0.00107057,0.00107401
2026-09-19 01:44:15,HOPR/USD,0.01203,4,bull_short;rsi_accum;vol_dead;pa_stable,43.92,1.85,0.0,4.44,2.82,0.01221932,0.01215983,0.01215983
2026-09-19 01:44:18,HYPE/USD,91.87,8,bull_stack;rsi_healthy;7d_uptrend,60.88,0.61,0.93,10.35,18.71,91.56906495,90.53333003,85.94302162
2026-09-19 01:44:21,HYPER/USD,0.0709,3,bull_short;rsi_strong;vol_dead;pa_stable,71.43,0.42,0.02,4.88,1.58,0.06921671,0.06834613,0.06834613
2026-09-19 01:44:24,ICNT/USD,0.0899,6,bull_stack;rsi_accum;vol_dead;pa_stable,35.19,0.47,0.31,1.81,1.58,0.09016269,0.08994581,0.08821938
2026-09-19 01:44:27,ICP/USD,2.8621,6,bull_stack;rsi_strong;7d_uptrend,66.39,0.59,1.21,8.42,12.89,2.83315026,2.80484638,2.69370026
2026-09-19 01:44:30,ILV/USD,3.5188,8,bull_stack;rsi_healthy;vol_dead;pa_stable;7d_uptrend,47.73,0.31,0.19,5.49,8.27,3.50405457,3.48061715,3.3885867
2026-09-19 01:44:33,IMU/USD,0.00198,4,bull_short;rsi_accum;vol_dead;pa_stable,44.35,0.62,0.15,0.41,-0.6,0.00197457,0.00197063,0.00197063
2026-09-19 01:44:37,IMX/USD,0.13076,6,bull_stack;rsi_strong;vol_dead;pa_stable;7d_uptrend,73.79,0.42,0.45,7.45,5.68,0.12960261,0.12868908,0.12454864
2026-09-19 01:44:40,IMX/USDT,0.1306,9,bull_short;rsi_healthy;vol_spike;7d_uptrend,59.58,0.29,2.46,13.32,6.35,0.12952009,0.12775054,0.12775054
2026-09-19 01:44:43,INDEX/USD,0.262,3,bull_short;rsi_strong;vol_dead;7d_uptrend,70.07,1.34,0.31,11.63,9.03,0.25462129,0.24921802,0.24921802
2026-09-19 01:44:48,INJ/USD,6.657,6,bull_stack;rsi_healthy;pump_risk;7d_uptrend,53.01,0.97,0.6,16.48,18.79,6.62591841,6.50138043,6.03043097
2026-09-19 01:44:50,INV/USD,9.09,6,bull_short;rsi_healthy;vol_dead;pa_stable;7d_uptrend,46.81,0.83,0.08,6.82,6.69,9.11405292,8.9616459,8.9616459
2026-09-19 01:44:53,INX/USD,0.005821,5,bull_short;rsi_healthy;vol_dead;pa_stable,54.64,0.42,0.26,0.0,-0.61,0.00579979,0.0057878,0.0057878
2026-09-19 01:44:56,IO/USD,0.14182,6,bull_stack;rsi_strong;7d_uptrend,70.54,0.53,0.55,9.24,10.9,0.14048321,0.13895379,0.13320862
2026-09-19 01:44:59,IOTX/USD,0.00358,5,bull_short;rsi_healthy;vol_dead;pa_stable,52.38,1.7,0.36,1.7,-12.68,0.00352651,0.00352524,0.00361959
2026-09-19 01:45:02,IP/USD,0.19146,7,bull_stack;vol_high;pa_stable,76.78,0.39,1.68,4.81,3.87,0.18875611,0.18695294,0.18415691
2026-09-19 01:45:05,IRYS/USD,0.01458,2,bull_short;vol_dead;7d_uptrend,75.0,0.27,0.15,9.21,7.6,0.01442912,0.01416354,0.01416354
2026-09-19 01:45:08,JASMY/USD,0.00405,8,bull_stack;rsi_healthy;vol_dead;pa_stable;7d_uptrend,47.06,0.53,0.03,3.05,6.86,0.00404033,0.00401628,0.00390981
2026-09-19 01:45:11,JITOSOL/USD,147.32,5,bull_stack;rsi_strong;vol_dead;7d_uptrend,68.01,0.38,0.01,11.65,13.91,146.19458145,142.88952175,136.18233163
2026-09-19 01:45:15,JTO/USD,0.4535,4,bull_stack;vol_dead;pa_stable,76.72,0.72,0.0,2.23,2.19,0.44911899,0.44768586,0.44013317
2026-09-19 01:45:18,JUPITER/USD,0.269,4,bull_stack;rsi_strong;pump_risk;7d_uptrend,68.75,0.79,0.65,15.3,17.88,0.26544626,0.26074071,0.24393962
2026-09-19 01:45:21,KAIO/USD,0.013474,1,bear_short;rsi_healthy;vol_dead;dip_buy,50.3,0.49,0.07,-15.02,1.92,0.01350256,0.01375152,0.01375152
2026-09-19 01:45:24,KAITO/USD,0.335,5,bull_stack;rsi_strong;vol_dead;7d_uptrend,72.88,0.41,0.0,12.49,13.83,0.3310638,0.32612288,0.31028726
2026-09-19 01:45:27,KARRAT/USD,0.00232,8,bull_stack;rsi_healthy;pa_stable,45.45,0.71,1.07,4.5,3.11,0.00230157,0.00228398,0.00223866
2026-09-19 01:45:30,KAT/USD,0.004698,5,bull_stack;rsi_strong;vol_dead;7d_uptrend,75.0,0.33,0.21,8.93,9.72,0.00464737,0.00459068,0.00442747
2026-09-19 01:45:33,KAVA/USD,0.0681,5,bull_short;rsi_healthy;vol_dead;pa_stable,52.38,0.29,0.08,3.18,3.65,0.06794757,0.06767651,0.06767651
2026-09-19 01:45:36,KERNEL/USD,0.041955,0,bull_short;rsi_overbought;vol_dead;pa_stable;7d_uptrend,81.72,0.27,0.23,0.0,7.86,0.0414451,0.04076563,0.04076563
2026-09-19 01:45:40,KEYCAT/USD,0.000599,3,bull_stack;rsi_strong;vol_dead;pump_risk;7d_uptrend,73.33,1.44,0.45,15.41,10.93,0.00058088,0.00056306,0.00053588
2026-09-19 01:45:43,KITE/USD,0.11035,8,bull_stack;rsi_accum;pa_stable;7d_uptrend,44.49,0.25,0.75,4.97,6.02,0.11027201,0.10971197,0.10719512
2026-09-19 01:45:46,KMNO/USD,0.02826,8,bull_stack;rsi_healthy;vol_dead;pa_stable;7d_uptrend,58.79,0.58,0.01,-0.42,11.26,0.02813605,0.02795962,0.02738848
2026-09-19 01:45:49,KNC/USD,0.1409,3,bull_short;rsi_strong;vol_dead;pa_stable,71.64,0.19,0.31,3.53,3.83,0.13889992,0.13627657,0.13627657
2026-09-19 01:45:52,KRL/USD,0.1348,4,bull_short;rsi_accum;vol_dead;pa_stable,43.75,0.46,0.09,0.0,1.97,0.13509763,0.13469775,0.13469775
2026-09-19 01:45:55,KSM/USD,4.452,12,bull_stack;rsi_healthy;vol_spike;pa_stable;7d_uptrend,52.24,0.74,4.3,-0.1,17.85,4.44702332,4.39554804,4.24586252
2026-09-19 01:45:59,KTA/USD,0.0905,7,bull_stack;rsi_accum;7d_uptrend,43.27,1.26,0.88,8.25,12.0,0.09103501,0.09018625,0.08728049
2026-09-19 01:46:03,L3/USD,0.00285,-1,bear_stack;rsi_healthy;vol_dead;pa_stable,52.38,0.7,0.06,2.52,-15.43,0.00286748,0.00288019,0.00294413
2026-09-19 01:46:07,LA/USD,0.07088,6,bull_stack;rsi_strong;vol_dead;pa_stable;7d_uptrend,71.28,0.17,0.11,7.26,13.17,0.07028485,0.06935223,0.06741016
2026-09-19 01:46:10,LAYER/USD,0.07295,7,bull_short;rsi_strong;vol_high;pa_stable;7d_uptrend,74.47,0.51,1.55,0.0,9.53,0.0715269,0.07002599,0.07002599
2026-09-19 01:46:14,LCX/USD,0.0256,5,bull_short;rsi_healthy;vol_dead;pa_stable,52.63,0.86,0.1,7.11,2.4,0.02548714,0.02516416,0.02516416
2026-09-19 01:46:18,LDO/USD,0.39775,5,bull_stack;rsi_strong;vol_dead;7d_uptrend,69.83,0.45,0.17,10.89,13.41,0.39514797,0.38968385,0.37060939
2026-09-19 01:46:21,LIGHTER/USD,4.888,2,bear_short;rsi_healthy;vol_dead;pa_stable;7d_uptrend,62.34,1.26,0.0,5.32,18.76,4.85195918,4.87028657,4.79727875
2026-09-19 01:46:25,LINEA/USD,0.0027429,5,bull_short;rsi_healthy;vol_dead;7d_uptrend,50.62,0.34,0.01,8.67,8.63,0.00271486,0.00266517,0.00266517
2026-09-19 01:46:29,LINK/USD,12.397,1,bull_stack;rsi_overbought;vol_dead;7d_uptrend,87.32,0.49,0.04,9.38,9.8,12.25999683,12.08199613,11.62295524
2026-09-19 01:46:32,LINK/USDT,12.363,-3,bull_short;rsi_overbought;vol_dead;pump_risk;7d_uptrend,82.1,0.47,0.04,15.63,9.45,12.10472455,11.86091099,11.86091099
2026-09-19 01:46:35,LMTS/USD,0.04873,8,bull_stack;rsi_healthy;vol_dead;pa_stable;7d_uptrend,59.91,0.55,0.06,-4.36,5.0,0.0482604,0.04767619,0.04669946
2026-09-19 01:46:38,LPT/USD,1.57,2,bull_short;rsi_accum;vol_dead;pump_risk;7d_uptrend,37.66,0.84,0.0,17.16,20.77,1.56731753,1.54154177,1.54154177
2026-09-19 01:46:41,LQTY/USD,0.2134,5,bull_short;rsi_healthy;vol_dead;pa_stable,56.16,0.29,0.12,5.49,1.91,0.21240719,0.21130546,0.21130546
2026-09-19 01:46:44,LRDS/USD,0.016538,6,bull_stack;rsi_strong;pa_stable,66.76,0.59,0.55,3.38,-1.03,0.01642468,0.01633982,0.01628854
2026-09-19 01:46:47,LSETH/USD,2943.25,4,bull_short;rsi_strong;vol_dead;pa_stable;7d_uptrend,73.63,1.51,0.04,0.0,9.49,2832.21281503,2776.87498571,2776.87498571
2026-09-19 01:46:50,LTC/USD,57.229,2,bull_stack;rsi_overbought;vol_dead;pa_stable;7d_uptrend,80.07,0.5,0.06,6.21,10.25,56.70036535,56.05658154,54.34877599
2026-09-19 01:46:53,MAGIC/USD,0.0453,10,bull_short;rsi_healthy;vol_spike;pa_stable;7d_uptrend,47.66,0.19,2.91,7.7,6.34,0.04528459,0.04480938,0.04480938
2026-09-19 01:46:55,MAMO/USD,0.007327,2,bull_short;vol_dead;pa_stable,76.92,0.13,0.05,3.12,1.89,0.00725772,0.00718113,0.00718113
2026-09-19 01:46:59,MANA/USD,0.0788,7,bull_stack;rsi_strong;pa_stable;7d_uptrend,66.67,0.26,1.17,6.63,8.54,0.07809128,0.077582,0.07557001
2026-09-19 01:47:02,MANTLE/USD,0.6276,1,bull_stack;rsi_overbought;vol_dead;7d_uptrend,97.46,0.34,0.13,10.61,14.21,0.61698611,0.60528978,0.58148729
2026-09-19 01:47:05,MASK/USD,0.46899,7,bull_stack;rsi_healthy;vol_dead;7d_uptrend,61.42,0.24,0.1,8.24,9.63,0.46567222,0.46035349,0.44427254
2026-09-19 01:47:09,MATH/USD,0.0218,5,bull_short;rsi_healthy;vol_dead;pa_stable,60.0,0.56,0.45,7.92,3.81,0.02183792,0.02171601,0.02171601
2026-09-19 01:47:13,MDT/USD,0.00831,9,bull_stack;rsi_healthy;pa_stable;7d_uptrend,48.65,1.98,0.85,1.47,5.59,0.00830608,0.00825058,0.00817609
2026-09-19 01:47:16,ME/USD,0.06671,3,bull_short;rsi_strong;vol_dead;7d_uptrend,68.21,0.3,0.03,11.07,5.49,0.065841,0.0645186,0.0645186
2026-09-19 01:47:20,MEGA/USD,0.04088,2,bull_stack;vol_dead;pump_risk;7d_uptrend,75.48,1.27,0.12,16.8,18.32,0.03938076,0.03852963,0.03663292
2026-09-19 01:47:23,MET/USD,0.2654,1,bull_stack;rsi_overbought;vol_high;pump_risk,83.24,0.67,1.32,19.93,31.71,0.25909813,0.25320815,0.23401376
2026-09-19 01:47:26,META/USD,4.939,5,bull_short;rsi_healthy;vol_dead;pa_stable,47.44,1.57,0.01,0.0,4.33,4.97719506,4.89510194,4.89510194
2026-09-19 01:47:29,METIS/USD,3.2113,7,bull_stack;rsi_healthy;vol_dead;7d_uptrend,53.79,0.81,0.0,10.1,11.72,3.21011328,3.1753178,3.04584347
2026-09-19 01:47:32,MEZO/USD,0.004757,5,bull_short;rsi_healthy;vol_dead;pa_stable,52.39,1.14,0.0,-2.32,-3.72,0.00473746,0.00472812,0.00472812
2026-09-19 01:47:35,MINA/USD,0.1064,4,bull_stack;rsi_strong;vol_dead,71.25,0.71,0.0,10.37,28.04,0.10372351,0.10089514,0.09555821
2026-09-19 01:47:38,MLN/USD,1.3438,3,bull_short;rsi_strong;vol_dead;pa_stable,70.03,0.67,0.02,5.28,0.19,1.33337228,1.32514831,1.32514831
2026-09-19 01:47:41,MNDE/USD,0.01902,-1,bull_short;rsi_overbought;vol_dead;pa_stable,86.36,0.11,0.0,0.0,1.71,0.01891602,0.01884897,0.01884897
2026-09-19 01:47:44,MOG/USD,1e-07,1,bull_stack;rsi_deep_oversold;vol_dead,0.0,5.71,0.01,11.11,0.0,1.1e-07,1.1e-07,1e-07
2026-09-19 01:47:47,MON/USD,0.024856,5,bull_stack;vol_dead;pa_stable;7d_uptrend,77.41,0.64,0.4,7.69,12.25,0.02443961,0.02418738,0.0234604
2026-09-19 01:47:50,MOODENG/USD,0.044668,5,bull_stack;rsi_strong;vol_dead;7d_uptrend,69.53,0.54,0.0,8.4,15.04,0.04411257,0.04352523,0.04181512
2026-09-19 01:47:53,MORPHO/USD,2.4091,7,bull_stack;rsi_healthy;vol_dead;7d_uptrend,49.3,0.6,0.17,9.36,12.75,2.41078849,2.39225735,2.28253878
2026-09-19 01:47:56,MPLX/USD,0.0352,7,bull_short;vol_spike;pa_stable;7d_uptrend,77.42,0.3,2.04,0.0,9.45,0.03468439,0.03392866,0.03392866
2026-09-19 01:47:59,MSOL/USD,158.56,0,bull_short;rsi_overbought;vol_dead;pa_stable;7d_uptrend,84.4,0.46,0.04,0.0,15.75,153.76410545,148.84275737,148.84275737
2026-09-19 01:48:03,NCT/USD,0.01021,6,bull_short;rsi_healthy;vol_dead;pa_stable;7d_uptrend,56.63,0.83,0.27,5.69,10.86,0.01013179,0.00999433,0.00999433
2026-09-19 01:48:06,NEAR/USD,3.6881,3,bull_stack;rsi_accum;vol_dead;pump_risk,35.02,1.43,0.09,22.44,53.72,3.70056743,3.62381873,3.23736679
2026-09-19 01:48:09,NEAR/USDT,3.699,4,bull_stack;rsi_healthy;vol_dead;pump_risk,50.26,1.04,0.0,23.01,55.88,3.6946828,3.60289289,3.21806785
2026-09-19 01:48:12,NEON/USD,0.01308,5,bull_short;rsi_accum;pa_stable,40.0,1.93,0.55,3.97,-4.53,0.01352339,0.01333234,0.01333234
2026-09-19 01:48:15,NEWT/USD,0.0445,6,bull_short;rsi_healthy;7d_uptrend,62.96,0.32,0.53,10.42,5.45,0.04410894,0.04312081,0.04312081
2026-09-19 01:48:19,NEX/USD,1.05e-06,9,bull_short;rsi_accum;vol_spike;pa_stable;7d_uptrend,33.33,0.68,7.46,0.0,6.06,1.05e-06,1.05e-06,1.05e-06
2026-09-19 01:48:22,NKN/USD,0.006427,8,bull_short;rsi_healthy;vol_high;pa_stable,59.08,0.93,1.58,6.81,3.31,0.00634813,0.00627491,0.00627491
2026-09-19 01:48:25,NMR/USD,9.33,4,bull_short;rsi_strong;7d_uptrend,73.33,0.19,1.03,8.36,8.36,9.25980572,9.16634692,9.16634692
2026-09-19 01:48:28,NOICE/USD,1.293e-05,4,bull_short;rsi_strong;pa_stable,72.37,0.39,0.5,7.57,4.78,1.276e-05,1.26e-05,1.26e-05
2026-09-19 01:48:31,NOM/USD,0.0016525,8,bull_stack;rsi_accum;pa_stable;7d_uptrend,40.0,0.39,1.08,4.65,6.12,0.00165659,0.00164761,0.00160823
2026-09-19 01:48:34,O/USD,0.57269,6,bull_short;rsi_healthy;vol_dead;pa_stable;7d_uptrend,47.75,0.43,0.5,7.04,6.87,0.57150048,0.56425646,0.56425646
2026-09-19 01:48:37,OCEAN/USD,0.1633,6,bull_short;rsi_healthy;vol_dead;pa_stable;7d_uptrend,52.07,1.02,0.07,0.0,6.8,0.16246855,0.16112368,0.16112368
2026-09-19 01:48:40,OGN/USD,0.01845,7,bull_short;rsi_strong;vol_high;pa_stable;7d_uptrend,67.37,0.36,1.96,0.0,7.71,0.01829273,0.01796255,0.01796255
2026-09-19 01:48:43,ONDO/USD,0.39896,8,bull_stack;rsi_accum;pa_stable;7d_uptrend,42.82,0.59,0.93,7.22,16.35,0.39737043,0.39418909,0.37671674
2026-09-19 01:48:47,OP/USD,0.11868,-1,bull_stack;rsi_overbought;vol_dead;pump_risk;7d_uptrend,83.2,0.94,0.38,18.09,18.4,0.1153773,0.11267874,0.10557951
2026-09-19 01:48:53,OP/USDT,0.11903,1,bull_short;rsi_overbought;vol_spike;pump_risk;7d_uptrend,86.52,0.66,3.21,24.27,19.24,0.11478764,0.11140055,0.11140055
2026-09-19 01:48:56,OPG/USD,0.11379,-1,bull_short;rsi_overbought;vol_dead;7d_uptrend,81.65,0.65,0.38,13.37,9.9,0.1110381,0.10880456,0.10880456
2026-09-19 01:48:59,OPN/USD,0.047,-1,bear_short;rsi_strong;vol_dead;dip_buy,67.39,0.43,0.0,-15.62,-18.83,0.04586203,0.04607748,0.04607748
2026-09-19 01:49:02,ORCA/USD,1.4697,8,bull_stack;rsi_healthy;vol_dead;pa_stable;7d_uptrend,61.84,0.29,0.38,6.38,10.5,1.45819638,1.4454019,1.39742173
2026-09-19 01:49:05,OSMO/USD,0.036475,5,bull_short;rsi_healthy;vol_dead;7d_uptrend,64.21,0.48,0.01,10.4,10.49,0.03595597,0.03522971,0.03522971
2026-09-19 01:49:10,OXT/USD,0.01042,1,bear_short;rsi_healthy;vol_dead;pa_stable,50.37,0.94,0.35,1.07,0.1,0.01048141,0.01049694,0.01048035
2026-09-19 01:49:13,PAX/USD,1.0046,5,bull_short;rsi_healthy;vol_dead;pa_stable,59.92,0.19,0.25,0.0,1.35,1.00259466,1.00025696,1.00025696
2026-09-19 01:49:17,PAXG/USD,4371.39,6,bull_stack;rsi_accum;vol_dead;pa_stable,36.98,0.1,0.0,0.74,1.61,4371.9983667,4368.23487418,4350.67069047
2026-09-19 01:49:21,PENDLE/USD,2.6417,5,bull_stack;rsi_strong;vol_dead;7d_uptrend,67.0,0.79,0.08,13.5,15.03,2.61504952,2.58712434,2.45333824
2026-09-19 01:49:24,PENGU/USD,0.007907,4,bull_stack;vol_dead;7d_uptrend,79.29,0.48,0.23,9.56,12.8,0.00781942,0.00772387,0.00743037
2026-09-19 01:49:27,PEPE/USD,3.86e-06,6,bull_stack;rsi_strong;vol_dead;pa_stable;7d_uptrend,70.59,0.56,0.03,6.34,12.87,3.83e-06,3.78e-06,3.64e-06
2026-09-19 01:49:30,PERP/USD,0.0206,5,bull_short;rsi_healthy;vol_dead;pa_stable,54.55,0.66,0.46,5.64,1.98,0.02054388,0.02030885,0.02030885
2026-09-19 01:49:33,PLU/USD,0.13817,3,bull_short;rsi_strong;vol_dead;7d_uptrend,71.26,1.47,0.04,11.32,10.71,0.13286947,0.13116251,0.13116251
2026-09-19 01:49:37,PLUME/USD,0.01424,5,bull_stack;rsi_strong;vol_dead;7d_uptrend,68.57,0.47,0.25,10.3,10.05,0.01413039,0.01400301,0.01336859
2026-09-19 01:49:40,PNG/USD,0.02518,5,bull_short;rsi_healthy;vol_dead;pa_stable,56.13,0.88,0.0,6.97,3.75,0.02508318,0.02466733,0.02466733
2026-09-19 01:49:43,PNUT/USD,0.05202,7,bull_stack;rsi_healthy;vol_dead;7d_uptrend,50.37,0.43,0.14,11.39,15.11,0.05174413,0.05099575,0.04836215
2026-09-19 01:49:46,POL/USD,0.10758,4,bull_stack;vol_dead;7d_uptrend,75.49,1.44,0.13,10.66,10.46,0.10473013,0.10246014,0.09909226
2026-09-19 01:49:49,POLS/USD,0.0628,9,bull_short;rsi_healthy;vol_spike;pa_stable,50.72,0.72,2.2,0.0,3.8,0.06245314,0.0619547,0.0619547
2026-09-19 01:49:52,POND/USD,0.0008189,5,bull_short;rsi_healthy;vol_dead;pa_stable,48.07,0.85,0.19,5.03,3.47,0.00082149,0.00081774,0.00081774
2026-09-19 01:49:56,POPCAT/USD,0.0497,4,bull_stack;vol_dead;7d_uptrend,79.1,0.49,0.17,8.97,10.15,0.04908212,0.04821016,0.04638335
2026-09-19 01:49:59,POWR/USD,0.0646,5,bull_stack;rsi_strong;vol_dead;pa_stable,68.42,0.24,0.24,6.08,3.53,0.06411545,0.06365462,0.06283016
2026-09-19 01:50:02,PRCL/USD,0.005945,5,bull_short;rsi_healthy;vol_dead;pa_stable,49.51,0.64,0.3,4.02,4.33,0.00592015,0.00585724,0.00585724
2026-09-19 01:50:05,PRIME/USD,0.23309,7,bull_stack;rsi_healthy;vol_dead;pa_stable,57.78,0.44,0.01,3.38,4.71,0.23224596,0.23095736,0.2277774
2026-09-19 01:50:08,PRL/USD,0.11626,5,bull_stack;vol_dead;pa_stable;7d_uptrend,76.52,0.7,0.12,7.55,7.39,0.11391179,0.1123774,0.11025313
2026-09-19 01:50:12,PRO/USD,0.363,7,bull_stack;rsi_healthy;vol_dead;pa_stable,57.92,0.77,0.07,-0.41,1.23,0.36156412,0.35915055,0.35770159
2026-09-19 01:50:15,PROMPT/USD,0.02033,7,bull_stack;rsi_healthy;vol_dead;pa_stable,62.32,0.3,0.07,5.39,2.47,0.02020901,0.02004677,0.01958271
2026-09-19 01:50:18,PROS/USD,0.5386,6,bull_stack;rsi_strong;vol_dead;pa_stable;7d_uptrend,71.96,0.29,0.37,6.04,8.26,0.53308472,0.5272552,0.51668067
2026-09-19 01:50:21,PROVE/USD,0.2122,4,bull_short;rsi_strong;vol_dead;pa_stable;7d_uptrend,72.04,0.46,0.1,7.55,15.14,0.20774363,0.20413506,0.20413506
2026-09-19 01:50:24,PUMP/USD,0.004388,5,bull_stack;rsi_strong;vol_dead;7d_uptrend,72.56,0.9,0.08,11.71,23.88,0.00435432,0.00429516,0.00408045
2026-09-19 01:50:27,PUNDIX/USD,0.1114,3,bull_short;rsi_strong;vol_dead;pa_stable,68.52,0.27,0.0,-0.54,0.36,0.10982892,0.10854102,0.10982971
2026-09-19 01:50:31,PYR/USD,0.05035,5,bull_short;rsi_healthy;vol_dead;pa_stable,52.29,1.07,0.2,3.32,1.78,0.05014349,0.04999046,0.04999046
2026-09-19 01:50:34,PYTH/USD,0.06,8,bull_stack;rsi_healthy;vol_dead;pa_stable;7d_uptrend,56.1,0.47,0.31,7.66,10.97,0.05989402,0.05957285,0.05738506
2026-09-19 01:50:37,QI/USD,0.00132,2,bull_short;rsi_strong;vol_dead,67.86,0.62,0.04,11.2,3.77,0.0013033,0.00127714,0.00127714
2026-09-19 01:50:40,QNT/USD,63.65,7,bull_stack;rsi_healthy;vol_dead;pa_stable,64.67,0.39,0.21,4.76,1.5,63.57266818,63.25176349,62.11514904
2026-09-19 01:50:43,QNT/USDT,63.47,4,bull_short;rsi_strong;pa_stable,68.74,0.28,0.85,0.0,2.55,62.57747328,61.739971,61.739971
2026-09-19 01:50:46,RAD/USD,0.236,2,bull_short;vol_dead;pa_stable,80.0,0.24,0.08,0.0,4.89,0.2339215,0.2315862,0.2315862
2026-09-19 01:50:49,RARE/USD,0.012631,8,bull_stack;rsi_healthy;vol_dead;pa_stable;7d_uptrend,58.82,0.18,0.19,7.9,9.25,0.01258224,0.01245267,0.0120083
2026-09-19 01:50:52,RARI/USD,0.0889,-1,bull_short;rsi_overbought;vol_dead;pa_stable,84.21,0.39,0.43,0.91,0.91,0.08815151,0.08793239,0.08793239
2026-09-19 01:50:55,RAVE/USD,0.2009,7,bull_stack;rsi_healthy;vol_dead;7d_uptrend,51.15,0.7,0.03,10.26,10.69,0.19939848,0.19377912,0.18218775
2026-09-19 01:50:58,RAY/USD,1.7231,4,bull_stack;rsi_healthy;vol_dead;pump_risk,50.93,1.04,0.01,17.88,40.27,1.72022323,1.69810046,1.576447
2026-09-19 01:51:01,RE/USD,0.4559,7,bull_stack;rsi_accum;vol_dead;pa_stable;7d_uptrend,36.36,0.45,0.24,3.38,7.88,0.4577682,0.4556657,0.44680061
2026-09-19 01:51:04,RECALL/USD,0.043076,6,bull_stack;rsi_accum;vol_dead;7d_uptrend,40.39,0.72,0.07,8.41,5.34,0.04278838,0.0420067,0.04058859
2026-09-19 01:51:08,RED/USD,0.1457,7,bull_stack;rsi_healthy;vol_dead;7d_uptrend,45.65,0.28,0.15,11.31,8.98,0.14455747,0.14186181,0.13612078
2026-09-19 01:51:11,RENDER/USD,1.5497,5,bull_stack;rsi_strong;vol_dead;7d_uptrend,68.48,0.54,0.27,9.23,15.31,1.5425488,1.52898906,1.46225077
2026-09-19 01:51:15,REQ/USD,0.0533,3,bull_short;rsi_strong;vol_dead;pa_stable,65.85,0.67,0.03,0.0,4.1,0.0526178,0.05217971,0.05217971
2026-09-19 01:51:18,REZ/USD,0.0039195,0,bear_short;rsi_strong;vol_dead;pa_stable;7d_uptrend,65.09,0.52,0.12,3.87,8.63,0.00389973,0.00391001,0.00384013
2026-09-19 01:51:21,RLC/USD,0.2932,7,bull_short;rsi_healthy;pa_stable;7d_uptrend,64.48,0.36,0.85,6.62,6.73,0.29132302,0.2863113,0.2863113
2026-09-19 01:51:24,RLS/USD,0.0023621,4,bull_short;rsi_accum;vol_dead;pa_stable,35.48,0.38,0.01,3.14,1.29,0.00237559,0.00235865,0.00235865
2026-09-19 01:51:27,RNBW/USD,0.02065,5,bull_short;rsi_healthy;vol_dead;pa_stable,57.29,0.44,0.14,0.0,2.99,0.02059521,0.02031151,0.02031151
2026-09-19 01:51:31,ROBO/USD,0.00948,6,bull_short;vol_spike;7d_uptrend,75.47,0.69,3.86,11.01,11.01,0.00925227,0.00910061,0.00910061
2026-09-19 01:51:34,ROSE/USD,0.007492,8,bull_stack;rsi_healthy;vol_dead;pa_stable;7d_uptrend,62.86,0.77,0.18,3.64,13.76,0.00744676,0.00734739,0.00704713
2026-09-19 01:51:37,RPL/USD,1.8039,4,bull_short;rsi_strong;vol_dead;pa_stable;7d_uptrend,67.1,0.71,0.0,0.0,11.77,1.77120992,1.72343682,1.72343682
2026-09-19 01:51:41,RSC/USD,0.05795,5,bull_stack;rsi_strong;vol_dead;pa_stable,73.15,0.71,0.03,2.06,2.73,0.05760151,0.05706659,0.05630797
2026-09-19 01:51:48,RSR/USD,0.001524,7,bull_stack;rsi_healthy;vol_dead;7d_uptrend,59.15,0.32,0.03,9.8,12.81,0.00151565,0.00149463,0.00143536
2026-09-19 01:51:53,S/USD,0.03255,5,bull_stack;rsi_healthy;vol_dead;pump_risk;7d_uptrend,56.72,1.6,0.05,21.27,24.05,0.03243484,0.03155382,0.02896473
2026-09-19 01:51:56,SAFE/USD,0.10008,5,bull_stack;rsi_strong;vol_dead;7d_uptrend,69.27,0.21,0.03,8.12,6.34,0.09962089,0.09845374,0.09509467
2026-09-19 01:51:59,SAND/USD,0.0388,7,bull_stack;rsi_healthy;vol_dead;7d_uptrend,53.85,0.26,0.0,11.49,12.14,0.03860366,0.03817001,0.03648497
2026-09-19 01:52:02,SAPIEN/USD,0.07457,7,bull_stack;rsi_healthy;vol_dead;pa_stable,58.13,0.23,0.02,2.66,2.21,0.07434174,0.07413255,0.07287827
2026-09-19 01:52:05,SD/USD,0.1152,5,bull_short;rsi_healthy;vol_dead;pa_stable,51.56,0.32,0.16,0.0,3.97,0.11426038,0.11290068,0.11290068
2026-09-19 01:52:10,SEI/USD,0.048,8,bull_stack;rsi_healthy;7d_uptrend,63.71,0.38,0.72,9.66,10.96,0.04772095,0.04726191,0.04539501
2026-09-19 01:52:13,SENT/USD,0.0178,5,bull_stack;rsi_strong;vol_dead;7d_uptrend,71.43,1.14,0.01,11.6,19.95,0.01767581,0.01735145,0.01643968
2026-09-19 01:52:17,SHDW/USD,0.01904,3,bull_short;rsi_strong;vol_dead;pa_stable,72.04,0.38,0.24,0.11,0.11,0.0188614,0.01873738,0.01873738
2026-09-19 01:52:20,SHIB/USD,5.5e-06,7,bull_stack;rsi_strong;pa_stable;7d_uptrend,66.67,0.35,0.65,7.21,7.42,5.47e-06,5.43e-06,5.25e-06
2026-09-19 01:52:23,SHIB/USDT,5.5e-06,5,bull_short;rsi_healthy;vol_dead;7d_uptrend,54.55,0.25,0.08,10.66,7.42,5.47e-06,5.4e-06,5.4e-06
2026-09-19 01:52:26,SHPING/USD,0.000556,5,bull_short;rsi_healthy;vol_dead;pa_stable,50.68,1.41,0.08,2.21,1.46,0.00055222,0.00054946,0.00054946
2026-09-19 01:52:29,SIGN/USD,0.011783,5,bull_short;rsi_healthy;vol_dead;7d_uptrend,57.3,0.92,0.0,10.75,10.9,0.01155034,0.01126049,0.01126049
2026-09-19 01:52:32,SKL/USD,0.003968,7,bull_stack;rsi_healthy;vol_dead;7d_uptrend,49.21,0.49,0.05,9.31,10.53,0.00394957,0.0039013,0.00374809
2026-09-19 01:52:35,SKR/USD,0.019125,2,bear_short;rsi_accum;pa_stable;7d_uptrend,36.88,0.5,1.12,-0.86,5.4,0.01923722,0.01928479,0.01905174
2026-09-19 01:52:38,SKY/USD,0.07023,5,bull_stack;rsi_healthy;vol_dead;pump_risk;7d_uptrend,62.44,0.47,0.09,19.11,12.08,0.06958096,0.0676389,0.06276917
2026-09-19 01:52:42,SNX/USD,0.22478,7,bull_stack;rsi_healthy;vol_dead;7d_uptrend,58.89,0.24,0.04,8.7,10.26,0.22374356,0.22197186,0.21434333
2026-09-19 01:52:45,SOL/USD,113.47,7,bull_stack;rsi_healthy;vol_dead;7d_uptrend,61.12,0.55,0.38,12.26,13.69,112.5255883,110.04758291,104.68627277
2026-09-19 01:52:49,SOL/USDT,113.52,8,bull_stack;rsi_healthy;7d_uptrend,61.05,0.45,0.54,12.05,13.61,112.54170624,110.08053512,104.75885809
2026-09-19 01:52:52,SPA/USD,0.002294,5,bull_short;rsi_healthy;vol_dead;pa_stable,50.0,0.44,0.37,5.37,0.35,0.00228907,0.00228071,0.00228071
2026-09-19 01:52:55,SPELL/USD,8.63e-05,9,bull_short;rsi_healthy;vol_spike;7d_uptrend,51.35,0.21,4.28,8.69,6.28,8.619e-05,8.503e-05,8.503e-05
2026-09-19 01:52:58,SPK/USD,0.02098,7,bull_stack;rsi_healthy;vol_dead;7d_uptrend,56.79,0.37,0.28,9.84,14.77,0.02085382,0.02059678,0.01964004
2026-09-19 01:53:01,SPX/USD,0.5049,8,bull_stack;rsi_healthy;vol_dead;pa_stable;7d_uptrend,55.95,0.64,0.45,7.95,7.13,0.50254362,0.49677017,0.48105836
2026-09-19 01:53:04,SQD/USD,0.02838,9,bull_stack;rsi_accum;vol_high;pa_stable,42.34,0.39,1.95,4.93,0.49,0.0282255,0.02797729,0.02758899
2026-09-19 01:53:07,STG/USD,0.142,-3,bear_stack;rsi_strong;vol_dead;pa_stable,73.11,0.96,0.2,-3.86,-3.99,0.13875748,0.14063308,0.14403174
2026-09-19 01:53:11,STORJ/USD,0.03294,6,bull_stack;rsi_accum;vol_dead;pa_stable,34.55,0.87,0.39,0.18,3.1,0.03294164,0.03265946,0.03203378
2026-09-19 01:53:14,STRK/USD,0.04306,2,bull_stack;pump_risk,75.58,3.6,0.88,50.98,55.4,0.0401782,0.0371963,0.03213929
2026-09-19 01:53:17,STX/USD,0.2827,5,bull_stack;rsi_strong;vol_dead;7d_uptrend,72.19,0.68,0.21,13.31,10.65,0.2776986,0.2744357,0.26073811
2026-09-19 01:53:21,STX/USDT,0.2828,5,bull_short;rsi_healthy;vol_dead;7d_uptrend,61.33,0.48,0.5,14.12,14.96,0.27405904,0.26560559,0.26560559
2026-09-19 01:53:24,SUI/USD,0.8132,6,bull_stack;rsi_strong;7d_uptrend,68.49,0.55,0.53,10.61,14.73,0.8063301,0.79767992,0.76156575
2026-09-19 01:53:27,SUKU/USD,0.004788,3,bull_short;rsi_strong;vol_dead;pa_stable,69.03,0.67,0.04,6.83,2.86,0.00475348,0.00469202,0.00469202
2026-09-19 01:53:30,SUP/USD,0.004362,8,bull_short;rsi_accum;vol_spike;pa_stable,37.72,0.59,3.22,0.0,-0.77,0.00443257,0.004363,0.004363
2026-09-19 01:53:34,SUPER/USD,0.13549,3,bull_stack;rsi_strong;vol_dead;pump_risk;7d_uptrend,66.2,1.07,0.0,16.14,18.81,0.13443094,0.13144057,0.12319949
2026-09-19 01:53:38,SUSHI/USD,0.2517,4,bull_stack;vol_dead;7d_uptrend,78.38,0.5,0.13,9.24,18.34,0.24944269,0.24615535,0.2334904
2026-09-19 01:53:41,SWELL/USD,0.0007305,3,bull_short;pa_stable,75.33,0.32,0.68,2.48,3.78,0.00072807,0.0007238,0.0007238
2026-09-19 01:53:44,SWFTC/USD,0.002469,5,bull_short;rsi_healthy;vol_dead;pa_stable,48.89,0.61,0.02,2.15,1.35,0.00246463,0.00244588,0.00244588
2026-09-19 01:53:48,SXT/USD,0.00869,7,bull_stack;rsi_healthy;vol_dead;7d_uptrend,59.58,0.39,0.07,8.73,6.74,0.00865362,0.0085297,0.00819284
2026-09-19 01:53:51,SYND/USD,0.008711,-1,bear_stack;rsi_healthy;vol_dead;pa_stable,61.17,1.23,0.0,-2.61,-10.08,0.00848638,0.00852328,0.00889108
2026-09-19 01:53:54,SYRUP/USD,0.2198,7,bull_stack;rsi_accum;vol_dead;pa_stable;7d_uptrend,42.22,0.53,0.19,6.85,8.76,0.22058463,0.21935429,0.21053763
2026-09-19 01:53:57,T/USD,0.0047805,7,bull_short;rsi_healthy;vol_high,64.07,0.68,1.31,9.64,2.79,0.00474773,0.00465183,0.00465183
2026-09-19 01:54:00,TAO/USD,250.0,7,bull_stack;rsi_healthy;vol_dead;7d_uptrend,56.03,0.57,0.34,9.11,11.09,249.90723784,247.89312698,237.60507591
2026-09-19 01:54:03,THQ/USD,0.01065,0,bear_short;rsi_healthy;vol_dead,51.85,0.53,0.0,-9.28,-6.74,0.01064789,0.0107092,0.0107092
2026-09-19 01:54:09,TIA/USD,0.4078,4,bull_stack;rsi_strong;pump_risk;7d_uptrend,69.77,0.62,0.59,15.82,21.44,0.40352854,0.39800145,0.37354387
2026-09-19 01:54:13,TNSR/USD,0.03575,7,bull_stack;rsi_healthy;vol_dead;pa_stable,57.07,0.58,0.01,4.59,4.65,0.03562454,0.03539344,0.03476584
2026-09-19 01:54:17,TON/USD,1.3809,6,bull_stack;rsi_strong;pa_stable,66.01,0.33,0.76,3.2,3.91,1.37268965,1.36827649,1.34817787
2026-09-19 01:54:22,TOSHI/USD,0.00011533,8,bull_stack;rsi_healthy;vol_dead;pa_stable;7d_uptrend,49.81,0.42,0.19,6.31,5.05,0.00011514,0.00011389,0.00011067
2026-09-19 01:54:26,TOWNS/USD,0.0020171,7,bull_stack;rsi_healthy;vol_dead;7d_uptrend,63.95,0.4,0.09,8.11,11.92,0.00200904,0.00198723,0.00189609
2026-09-19 01:54:32,TRAC/USD,0.3416,8,bull_stack;rsi_healthy;vol_dead;pa_stable;7d_uptrend,50.55,1.03,0.14,4.85,8.79,0.34007306,0.33679958,0.33119542
2026-09-19 01:54:37,TRB/USD,18.61,8,bull_stack;rsi_strong;vol_high;7d_uptrend,65.22,0.46,1.99,8.83,9.66,18.40922789,18.16405009,17.51510882
2026-09-19 01:54:40,TREE/USD,0.04281,4,bull_short;rsi_strong;vol_dead;pa_stable;7d_uptrend,71.01,0.26,0.29,7.48,5.11,0.0423013,0.04147649,0.04147649
2026-09-19 01:54:47,TRIA/USD,0.00384,9,bull_stack;rsi_healthy;pa_stable;7d_uptrend,56.85,0.46,0.56,7.41,10.54,0.00380768,0.00376281,0.00363261
2026-09-19 01:54:52,TROLL/USD,0.05089,3,bull_stack;rsi_strong;vol_dead;pump_risk;7d_uptrend,67.87,0.59,0.06,15.74,15.82,0.05012556,0.04903044,0.04595277
2026-09-19 01:54:57,TRUMP/USD,2.1097,7,bull_stack;rsi_healthy;vol_dead;7d_uptrend,45.52,0.62,0.31,8.07,6.54,2.10502493,2.08339537,2.00871672
2026-09-19 01:55:02,TRUST/USD,0.05702,4,bull_stack;vol_dead;pa_stable,76.44,0.57,0.05,7.08,2.09,0.0561658,0.05515917,0.0540236
2026-09-19 01:55:06,TURBO/USD,0.0009981,7,bull_stack;rsi_healthy;vol_dead;7d_uptrend,53.68,0.3,0.37,9.08,13.47,0.00099591,0.00098019,0.00093693
2026-09-19 01:55:10,UMA/USD,0.38747,3,bull_short;vol_dead;pa_stable;7d_uptrend,77.64,0.16,0.06,0.0,10.71,0.38368924,0.37755846,0.37755846
2026-09-19 01:55:14,UNI/USD,9.0291,2,bull_stack;rsi_strong;vol_dead;pump_risk,70.09,1.02,0.2,17.72,38.97,8.93573865,8.79045157,8.00116746
2026-09-19 01:55:25,UP/USD,0.0577,6,bull_short;rsi_strong;vol_high;pa_stable,67.02,0.78,1.98,6.03,2.25,0.0564302,0.05579896,0.05579896
2026-09-19 01:55:31,USD1/USD,0.9996,5,bull_short;rsi_healthy;vol_dead;pa_stable,50.0,0.0,0.0,0.05,0.02,0.99953135,0.99941823,0.99941823
2026-09-19 01:55:38,USDS/USD,0.9999,0,bear_short;rsi_accum;vol_dead;pa_stable,40.0,0.01,0.0,0.0,0.01,0.99996183,0.99996841,0.99996841
2026-09-19 01:55:44,USELESS/USD,0.2931,3,bull_stack;vol_dead,76.7,3.2,0.36,12.43,37.9,0.28112821,0.2698419,0.2588455
2026-09-19 01:55:50,VARA/USD,0.000436,6,bull_stack;rsi_healthy;vol_dead,61.54,0.21,0.29,8.19,-5.28,0.00043316,0.00042944,0.00041996
2026-09-19 01:55:55,VELO/USD,0.02801,3,bull_short;rsi_healthy;vol_dead;pump_risk;7d_uptrend,57.29,0.7,0.0,19.85,19.29,0.02768426,0.02699278,0.02699278
2026-09-19 01:56:02,VET/USD,0.007857,8,bull_stack;rsi_healthy;vol_dead;pa_stable;7d_uptrend,59.04,0.6,0.17,6.48,6.97,0.00782944,0.00772827,0.00746137
2026-09-19 01:56:06,VIRTUAL/USD,0.6604,11,bull_stack;rsi_healthy;vol_high;pa_stable;7d_uptrend,56.81,0.5,1.47,8.0,9.36,0.65910333,0.65256215,0.62929023
2026-09-19 01:56:12,VOXEL/USD,0.004214,10,bull_short;rsi_healthy;vol_spike;pa_stable;7d_uptrend,53.27,1.06,3.28,0.02,6.47,0.00419186,0.00416509,0.00416509
2026-09-19 01:56:16,VTHO/USD,0.00069955,2,bull_stack;rsi_deep_oversold;vol_dead;pa_stable,6.91,0.88,0.13,4.17,-6.34,0.00070924,0.0007024,0.00068884
2026-09-19 01:56:22,VVV/USD,27.5747,1,bull_stack;rsi_overbought;vol_dead;7d_uptrend,80.05,0.94,0.13,10.4,24.23,27.31292141,26.82428654,25.51477571
2026-09-19 01:56:29,W/USD,0.010866,7,bull_stack;rsi_healthy;vol_dead;7d_uptrend,51.24,0.98,0.05,11.32,14.98,0.01089071,0.01062079,0.00997466
2026-09-19 01:56:33,WAL/USD,0.03027,4,bull_short;rsi_strong;7d_uptrend,72.44,0.54,1.06,14.62,7.61,0.0297698,0.02912546,0.02912546
2026-09-19 01:56:37,WAXL/USD,0.0468,2,bull_short;vol_dead;pa_stable,78.26,0.72,0.02,0.0,3.77,0.04430087,0.04401195,0.04401195
2026-09-19 01:56:41,WCT/USD,0.0386,-2,bull_short;rsi_overbought;vol_dead,82.05,0.57,0.03,8.73,-2.77,0.0372578,0.03674396,0.03674396
2026-09-19 01:56:45,WELL/USD,0.002153,5,bull_stack;rsi_strong;vol_dead;7d_uptrend,73.75,1.9,0.13,11.61,14.52,0.00210523,0.00203653,0.0019488
2026-09-19 01:56:51,WET/USD,0.0612,0,bull_short;rsi_overbought;vol_dead;pa_stable;7d_uptrend,83.87,0.27,0.02,0.0,6.81,0.06045189,0.05960739,0.05960739
2026-09-19 01:56:56,WIF/USD,0.21082,5,bull_stack;7d_uptrend,75.05,0.65,0.78,13.51,16.56,0.20687346,0.20216906,0.19227741
2026-09-19 01:57:01,WLD/USD,0.4235,-1,bear_short;rsi_strong;vol_dead;7d_uptrend,65.09,0.58,0.35,12.27,13.3,0.42229102,0.42315327,0.40327638
2026-09-19 01:57:06,WLFI/USD,0.05908,7,bull_stack;rsi_healthy;vol_dead;pa_stable,57.53,0.36,0.33,1.01,3.79,0.05869418,0.05851013,0.05821463
2026-09-19 01:57:10,WMTX/USD,0.033369,6,bull_short;rsi_healthy;vol_dead;pa_stable;7d_uptrend,52.24,0.4,0.02,6.66,6.01,0.03331269,0.0327917,0.0327917
2026-09-19 01:57:14,WRON/USD,0.05367,-1,bull_short;rsi_overbought;vol_dead;7d_uptrend,80.19,0.66,0.13,8.58,10.21,0.05252049,0.05130734,0.05130734
2026-09-19 01:57:19,XAN/USD,0.01197,7,bull_stack;rsi_healthy;vol_dead;pa_stable,58.97,0.35,0.05,5.09,3.91,0.01194361,0.0118753,0.01165218
2026-09-19 01:57:25,XCN/USD,0.00424,10,bull_stack;rsi_healthy;vol_high;pa_stable,63.29,0.83,1.53,6.88,-1.87,0.00423066,0.00418726,0.00407482
2026-09-19 01:57:31,XLM/USD,0.193583,7,bull_stack;rsi_healthy;vol_dead;pa_stable,58.0,0.54,0.42,4.83,1.51,0.19289507,0.19085017,0.18631563
2026-09-19 01:57:35,XLM/USDT,0.1933,5,bull_short;rsi_healthy;vol_dead;pa_stable,64.39,0.6,0.01,2.66,2.66,0.18883345,0.18576335,0.18576335
2026-09-19 01:57:40,XPL/USD,0.0941,8,bull_stack;rsi_healthy;vol_dead;pa_stable;7d_uptrend,55.98,0.74,0.39,7.83,15.33,0.09362278,0.09176764,0.08777276
2026-09-19 01:57:45,XRP/USD,1.4001,6,bull_stack;rsi_healthy;vol_dead,63.67,0.59,0.48,8.14,0.15,1.39261681,1.36989806,1.32876501
2026-09-19 01:57:50,XRP/USDT,1.4016,8,bull_short;rsi_healthy;vol_high;pa_stable,62.44,0.37,1.41,7.93,0.84,1.38426532,1.35503583,1.35503583
2026-09-19 01:57:55,XTZ/USD,0.2877,6,bull_stack;rsi_healthy;pump_risk;7d_uptrend,63.68,0.84,0.93,15.82,12.08,0.2811173,0.2752665,0.26173916
2026-09-19 01:58:02,XYO/USD,0.00341,5,bull_stack;pa_stable,80.0,0.65,0.58,3.33,4.6,0.00336893,0.00335084,0.00330915
2026-09-19 01:58:07,YB/USD,0.0858,4,bull_short;rsi_strong;vol_dead;pa_stable;7d_uptrend,73.08,0.47,0.31,0.0,8.61,0.08366426,0.08203997,0.08203997
2026-09-19 01:58:14,YFI/USD,2238.78,8,bull_stack;rsi_healthy;vol_dead;pa_stable;7d_uptrend,48.98,0.29,0.28,6.99,6.41,2234.80343938,2213.41311829,2142.8477442
2026-09-19 01:58:19,ZAMA/USD,0.06072,3,bull_stack;rsi_strong;pump_risk,67.65,1.19,0.95,22.17,30.72,0.05938962,0.05744529,0.0530185
2026-09-19 01:58:24,ZEC/USD,1503.88,5,bull_stack;rsi_overbought;vol_spike;pa_stable,83.19,0.82,2.41,2.38,32.5,1474.30859353,1472.29342322,1429.96766781
2026-09-19 01:58:29,ZEN/USD,8.147,0,bull_stack;rsi_overbought;vol_dead,82.26,2.69,0.08,11.27,29.69,7.79538715,7.48679872,7.17418864
2026-09-19 01:58:33,ZETA/USD,0.037619,7,bull_short;rsi_healthy;vol_spike;pump_risk;7d_uptrend,61.74,0.5,2.72,15.75,10.37,0.03703676,0.03603093,0.03603093
2026-09-19 01:58:37,ZETACHAIN/USD,0.0376,4,bull_short;rsi_strong;vol_dead;pa_stable;7d_uptrend,70.97,0.32,0.0,0.0,8.67,0.0367596,0.03563406,0.03563406
2026-09-19 01:58:41,ZK/USD,0.010909,3,bull_stack;rsi_strong;vol_dead;pump_risk;7d_uptrend,73.37,1.47,0.38,19.41,18.27,0.01066371,0.01039994,0.00971631
2026-09-19 01:58:46,ZKC/USD,0.04,5,bull_stack;rsi_strong;vol_dead;pa_stable,66.67,0.55,0.17,6.38,2.56,0.03974819,0.03933534,0.03858191
2026-09-19 01:58:50,ZKP/USD,0.04615,4,bull_short;rsi_strong;vol_dead;pa_stable;7d_uptrend,68.71,0.51,0.3,0.0,9.18,0.04504501,0.04414651,0.04414651
2026-09-19 01:58:55,ZORA/USD,0.008133,8,bull_stack;rsi_healthy;vol_dead;pa_stable;7d_uptrend,63.12,0.48,0.38,6.62,9.18,0.00808728,0.00801436,0.00778283
2026-09-19 01:59:00,ZRO/USD,1.1274,11,bull_stack;rsi_healthy;vol_spike;7d_uptrend,54.11,1.1,2.4,8.71,17.54,1.13064653,1.12286085,1.07580065
2026-09-19 01:59:06,ZRX/USD,0.116235,6,bull_stack;rsi_strong;7d_uptrend,72.19,0.33,1.26,8.02,5.65,0.11536261,0.11408199,0.11048333
